{
  "eval_loss": 1.5760595798492432,
  "eval_accuracy": 0.8130163976102708,
  "eval_f1": 0.8127761798457589
}